Workbook

Sheet Produção
B2: CONTROLE DE PRODUÇÃO
B4: Campanhas realizadas no mês de outubro 2017
B5: Lote | C5: Piloto | D5: [ ] | E5: Campanha | F5: Descrição | G5: Objetivo
B6: 20171003Pa | C6: P50 | D6: 50g/L | E6: RHODIA | F6: Processamento padrão em série | G6: Lote para testes de aplicação em potencial cliente : RHODIA
B7: 20171010Pa | C7: P50 | D7: 50g/L | E7: RHODIA | F7: Processamento padrão em série | G7: Lote para testes de aplicação em potencial cliente : RHODIA
B8: 20171013Pa | C8: P50 | D8: 50g/L | E8: RHODIA | F8: Processamento padrão em série | G8: Lote para testes de aplicação em potencial cliente : RHODIA
B9: Campanhas realizadas no mês de novembro 2017
B10: Lote | C10: Piloto | D10: [ ] | E10: Campanha | F10: Descrição | G10: Objetivo
B11: 20171112Pa | C11: P50 | D11: 50g/L | F11: Processamento padrão em série | G11: Lote para testes de otimização de centrifugação em bancada ( Frente Bancada )
B12: 20171120Pa | C12: P25 | D12: 100g/L | F12: Teste operacional com aumento da [ ] = 100g/L | G12: Avaliação da capacidade de processamento do equipamento silverson VERSO com aumento da concentração inicial de grafite para 100g/L
B13: 20171124Pa | C13: P50 | D13: 50g/L | F13: Startup Centrifuga Decanter | G13: Testes conceito com equipamendo alugado ( OMEGALINE ) 2000 L/h
B14: Campanhas realizadas no mês de dezembro 2017
B15: Lote | C15: Piloto | D15: [ ] | E15: Campanha | F15: Descrição | G15: Objetivo
B16: 20171227Pa | C16: P50 | D16: 50g/L | E16: KATRINA | F16: Processamento padrão em série | G16: Lote padrão P50 em série para testes de flotação em coluna
B17: 20171228Pa | C17: P50 | D17: 50g/L | E17: KATRINA | F17: Processamento padrão em série | G17: Lote padrão P50 em série para testes de flotação em coluna
B18: Campanhas realizadas no mês de janeiro 2018
B19: Lote | C19: Piloto | D19: [ ] | E19: Campanha | F19: Descrição | G19: Objetivo
B20: 20180102Pa | C20: P50 | D20: 50g/L | E20: KATRINA | F20: Processamento padrão em série | G20: Lote padrão P50 em série para testes de flotação em coluna
B21: 20180103Pa | C21: P50 | D21: 50g/L | E21: KATRINA | F21: Processamento padrão em série | G21: Lote padrão P50 em série para testes de flotação em coluna
B22: 20180108Pa | C22: P50 | D22: 50g/L | E22: KATRINA | F22: Homogeinização da campanha KATRINA | G22: Homogeinização de 200L gerados na campanha KATRINA para testes de flotação em coluna / Portifólio 01
B23: 20180130Pa | C23: P25 | D23: 100g/L | F23: Teste piloto IKA | G23: Avaliar curva de rendimento com equipamento alugado da IKA
B24: Campanhas realizadas no mês de fevereiro 2018
B25: Lote | C25: Piloto | D25: [ ] | E25: Campanha | F25: Descrição | G25: Objetivo
B26: 20180220Pa | C26: P5 | D26: 50g/L | F26: Avaliação da reprodutibilidade | G26: Avaliar reprodutibilidade na escala piloto P5 até 5 litros ( Frente Caracterização )
B27: Campanhas realizadas no mês de março 2018
B28: Lote | C28: Piloto | D28: [ ] | E28: Campanha | F28: Descrição | G28: Objetivo
B29: 20180312Pa | C29: P5 | D29: 50g/L | F29: Teste de selo mecânico nacional - Silverson Verso | G29: Busca de fornecedor alternativo para selos mecânicos para o equipamento silverson VERSO
B30: 20180313Pa | C30: P50 | D30: 50g/L | F30: Processamento padrão em série | G30: Para testes de flotação em bancada
B31: 20180321Pa | C31: P100 | D31: 50g/L | F31: Startup Konmix - 3.550rpm | G31: Startup Konmix para adequação das condições operações
B32: Campanhas realizadas no mês de abril 2018
B33: Lote | C33: Piloto | D33: [ ] | E33: Campanha | F33: Descrição | G33: Objetivo
B34: 20180402Pa | C34: P100 | D34: 50g/L | F34: Startup Silverson UHS 175/275 – 3.600rpm | G34: Startup Silverson para adequação das condições operações
B35: 20180417Pa | C35: P100 | D35: 50g/L | E35: IRENE | F35: Silverson UHS 175/275 – 3.600rpm | G35: Curva de rendimento do Silverson UHS 175/275 - 3.600rpm
B36: 20180417Pb | C36: P100 | D36: 50g/L | E36: IRENE | F36: Konmix – 3.550rpm | G36: Curva de rendimento do Konmix- 3.550rpm
B37: 20180424Pa | C37: P100 | D37: 50g/L | F37: Silverson UHS 175/275 – 6.000rpm | G37: Curva de rendimento do Silverson UHS 175/275 - 6.000rpm
B38: Campanhas realizadas no mês de maio 2018
B39: Lote | C39: Piloto | D39: [ ] | F39: Descrição | G39: Objetivo
B40: 20180502Pa | C40: P50 | D40: 50g/L | F40: 1 Ciclo / Uma passagem / Um cisalhador | G40: Avaliar se há diferenças em relação ao tamanho de partícula obtido com apenas uma passagem do material pelo cisalhador
B41: 20180507Pa | C41: P50 | D41: 50g/L | F41: Processamento padrão em série | G41: Produzir amostras centrifugada e não centrifugada para testes de flotação em escala de bancada
B42: 20180511Pa | C42: P10 | D42: 50g/L | F42: Análise de carregamento de grafite expandido | G42: (1)Avaliar o método de carregamento e fazer estimativa da carga máxima que poderia ser alcançada em tanques; (2) Avaliar processamento da dispersão quando submetida a processamento com o equipamento tipo inline (Verso).
B43: 20180524Pa | C43: P50 | D43: 50g/L | F43: Teste de reprocessamento do grafite / Abortado | G43: Teste de reprocessamento do grafite]
B44: Campanhas realizadas no mês de junho 2018
B45: Lote | C45: Piloto | D45: [ ] | F45: Descrição | G45: Objetivo
B46: 20180606Pa | C46: P50 | D46: 50g/L | F46: Teste de reprocessamento do grafite | G46: Teste de reprocessamento do grafite
B47: 20180612Pa | C47: P50 | D47: 50g/L | F47: Processamento padrão em série | G47: obter massa para testes de secagem/classificação no leito fluidizado
B48: 20180625Pa | C48: P100-1 | D48: 100g/L | F48: Silverson UHS 175/275 – 6.000rpm | G48: Avaliar rendimento e taxa de produção da P100-Silverson175/275 com carga de grafite de 100 g/L
B49: 20180628Pa | C49: P100-2 | D49: 100g/L | F49: Konmix – 3.550rpm | G49: Avaliar rendimento e taxa de produção da P100 - Konmix com carga de grafite de 100 g/L
B50: Campanhas realizadas no mês de Julho 2018
B51: Lote | C51: Piloto | D51: [ ] | F51: Descrição | G51: Objetivo
B52: 20180709Pa | C52: P100-2 | D52: 50g/L | E52: SARA | F52: Konmix – 3.550rpm | G52: Lote de 100 L / 50 g/L para o plano de experimentos de centrifugação ( centrifuga de discos ) / PORTIFÓLIO CODEMGE
B53: 20180715Pa | C53: P100-1 | D53: 50g/L | F53: Silverson UHS 175/275 – 6.000rpm | G53: Produção de lote para testes na coluna de flotação
B54: 20180719Pa | C54: P100-1 | D54: 50g/L | F54: Processamento padrão P100 - UHS | G54: Produção de lote para testes na centrífuga decanter
B55: Campanhas realizadas no mês de Agosto 2018
B56: Lote | C56: Piloto | D56: [ ] | F56: Descrição | G56: Objetivo
B57: 20180806Pa | C57: P100 | D57: 50g/L | E57: SARA | F57: Konmix – 3.550rpm | G57: Lote para análise do balanço de massa
B58: 20180809Pa | C58: P100-1 | D58: 50g/L | E58: RIERA | F58: Silverson UHS 175/275 – 6.000rpm | G58: Lote produzido para testes externos na empresa RIERA NADEU
B59: 20180812Pa | C59: P100-1 | D59: 50g/L | E59: RIERA | F59: Silverson UHS 175/275 – 6.000rpm | G59: Lote produzido para testes externos na empresa RIERA NADEU
B60: 20180814Pa | C60: P100-1 | D60: 50g/L | E60: RIERA | F60: Silverson UHS 175/275 – 6.000rpm | G60: Lote produzido para testes externos na empresa RIERA NADEU
B61: 20180828Pa | C61: P100-2 | D61: 50g/L | E61: CODEMGE | F61: Konmix – 3.550rpm | G61: Acompanhamento CODEMGE
B62: 20180829Pa | C62: P100-2 | D62: 50g/L | E62: CODEMGE | F62: Konmix – 3.550rpm | G62: Acompanhamento CODEMGE
B63: Campanhas realizadas no mês de Setembro 2018
B64: Lote | C64: Piloto | D64: [ ] | F64: Descrição | G64: Objetivo
B65: 20180913Pa | C65: P100-2 | D65: 50g/L | E65: CSN | F65: Konmix – 3.550rpm | G65: Produção de lote para CSN
B66: 20180916Pa | C66: P100-2 | D66: 50g/L | E66: FLOTAÇÃO | F66: Konmix – 3.550rpm | G66: Produção de lote para testes na coluna de flotação
B67: 20180916Pb | C67: P100-1 | D67: 50g/L | E67: FLOTAÇÃO | F67: Silverson UHS 175/275 – 6.000rpm | G67: Produção de lote para testes na coluna de flotação
B68: 20180920Pb | C68: P100-1 | D68: 50g/L | E68: DECANTER | F68: Silverson UHS 175/275 – 6.000rpm | G68: Produção de lote para testes na centrífuga decanter
B69: Campanhas realizadas no mês de Outubro 2018
B70: Lote | C70: Piloto | D70: [ ] | F70: Descrição | G70: Objetivo
B71: 20181002Pa | C71: P50 | D71: 50g/L | F71: Verso 100 ciclos sem back mixing | G71: Lote padrão P50 (Verso) teste de 100 ciclos sem back mixing
B72: 20181003Pa | C72: P50 | D72: 50g/L | F72: Processamento padrão em série | G72: Lote padrão P50 em série para testes de flotação
B73: Campanhas realizadas no mês de Novembro 2018
B74: Lote | C74: Piloto | D74: [ ] | F74: Descrição | G74: Objetivo
B75: 20181126Pa | C75: P100-2 | D75: 50g/L | E75: DECANTER/TUBULAR/DISCOS | F75: Konmix – 3.550rpm | G75: Produção de lote para testes na centrífuga decanter/discos/tubular
B76: Campanhas realizadas no mês de Janeiro 2019
B77: Lote | C77: Piloto | D77: [ ] | F77: Descrição | G77: Objetivo
B78: 20190109Pa | C78: P100-2 | D78: 50g/L | E78: IBA | F78: Konmix – 3.550rpm | G78: Produção de lote para testes na centrífuga decanter/discos/tubular
B79: 20190128Pa | C79: P50 | D79: 50 g/L | E79: Flotação em Bancada | F79: Verso - V10209 | G79: Produção de lote para testes de flotação em bancada
B80: Campanhas realizadas no mês de Fevereiro 2019
B81: 20190213Pa | C81: P100-2 | D81: 50g/L | E81: Pam Membranas | F81: Konmix – 3.550rpm | G81: Produção P100-2 para teste em filtração de membranas na Pam Membranas
B82: Campanhas realizadas no mês de Março 2019
B83: 20190328Pa | C83: P50 | D83: 50 g/L | E83: Flotação em Bancada | F83: V10243 (v3) e V10244(v4) | G83: Produção de lote para testes de flotação em bancada
B84: Campanhas realizadas no mês de Maio 2019
B85: 20190503Pa | C85: P100-2 | D85: 50 g/L | E85: Flotação em escala piloto | F85: Konmix – 3.550rpm | G85: Produção de lote para testes de flotação em escala piloto
B86: 20190516Pa | C86: P100-1 | D86: 50 g/L | E86: Teste de flotação e teste em centrífuga Decanter | F86: Silverson UHS 175/275 – 6.000rpm | G86: Produção de lote para testes de flotação e teste de variação da força g em centrífuga Decanter, redução de aditivo
B87: 20190527Pa | C87: P100-2 | D87: 50 g/L | E87: Flotação em escala piloto | F87: Konmix – 3.550rpm | G87: Produção de lote para testes de flotação em escala piloto
B88: 20190529Pa | C88: P100-2 | D88: 50 g/L | E88: Flotação em escala piloto | F88: Konmix – 3.550rpm | G88: Produção de lote para testes de flotação em escala piloto
B89: Campanhas realizadas no mês de Junho 2019
B90: 20190603Pa | C90: P100-2 | D90: 50 g/L | E90: Flotação em escala piloto | F90: Konmix – 3.550rpm | G90: Produção de lote para testes de flotação em escala piloto
B91: 20190605Pa | C91: P100-2 | D91: 50 g/L | E91: Flotação em escala piloto | F91: Konmix – 3.550rpm | G91: Produção de lote para testes de flotação em escala piloto
B92: 20190611Pa | C92: P100-2 | D92: 50 g/L | E92: Sem Back Mixing | F92: Konmix – 3.550rpm | G92: Produção de lote para testes do sistema sem back mixing automatizado
B93: 20190612Pa | D93: 50 g/L | E93: Flotação em escala piloto 4" | F93: Homogeneização | G93: Homogeneização dos lotes 20190527Pa_d01_13, 20190529Pa_d01_13, 20190603Pa_d01_13, 20190605Pa_d01_13 para obtenção de 400 L de suspensão.
B94: 20190617Pa | C94: P100-2 | D94: 50 g/L | E94: CODEMGE- MS | F94: Konmix – 3.550rpm | G94: Produção de lote para testes de definição de linha padrão do modulo de conversão separação
B95: Campanhas realizadas no mês de Março de 2020
B96: 20200303Pa | C96: P100-2 | D96: 50 g/L | E96: BERTHA | F96: Konmix – 3.550rpm | G96: Validação dos Processos de Produção da entrega MGgrafeno 1.0 e start up da filtração tangencial.
B97: Campanhas realizadas no mês de Setembro de 2020
B98: 20200908Pa | C98: P100-2 | D98: 50 g/L | E98: BERTHA | F98: Konmix – 3.550rpm (EQIP138) | G98: Primeiro teste de cisalhamento com tanque de Inox
B99: 20200914Pa | C99: P100-2 | D99: 50 g/L | E99: BERTHA | F99: Konmix – 3.550rpm (EQIP138/137) | G99: Segundo teste de cisalhamento tanque de Inox- (Adaptação para aumento de vazão ).
B100: 20200921Pa | C100: P100-2 | D100: 50 g/L | E100: BERTHA | F100: Konmix – 3.550rpm (EQIP137) | G100: Terceiro teste de cisalhamento tanque de Inox- (Aumento de temperatura).
B101: 20200928Pa | C101: P100-2 | D101: 50 g/L | E101: BERTHA | F101: Konmix – 3.550rpm (EQIP138) | G101: Quarto tete de cisalhamento tanque de Inox- (Troca do selo e rotores)
B102: Campanhas realizadas no mês de Outubro de 2020
...

Sheet Acabamento
A1: CONTROLE DE PRODUÇÃO
A3: Lote | B3: Piloto | C3: [ ] | D3: Campanha | E3: Processo de acabamento
A4: =Produção!B164 -> 20211025Pa | B4: =Produção!C164 -> P100 | C4: =Produção!D164 -> 100 g/L | D4: =Produção!E164 -> Prod. Cont. Camp. 01 | E4: Liofilização (Entrega parceiros)
A5: =Produção!B165 -> 20211108Pa | B5: =Produção!C165 -> P100 | C5: =Produção!D165 -> 50 g/L | D5: =Produção!E165 -> 0 | E5: Entrega para Caracterização
A6: =Produção!B166 -> 20211116Pa | B6: =Produção!C166 -> P100 | C6: =Produção!D166 -> 100g/L | D6: =Produção!E166 -> Prod. Cont. Camp. 01 | E6: Concentração
A7: =Produção!B167 -> 20211122Pa | B7: =Produção!C167 -> P100 | C7: =Produção!D167 -> 100g/L | D7: =Produção!E167 -> Prod. Cont. Camp. 01 | E7: Concentração
A8: =Produção!B168 -> 20211124Pa | B8: =Produção!C168 -> P100 | C8: =Produção!D168 -> 100g/L | D8: =Produção!E168 -> Prod. Cont. Camp. 01 | E8: -
A9: =Produção!B169 -> 20211129Pa | B9: =Produção!C169 -> P100 | C9: =Produção!D169 -> 100g/L | D9: =Produção!E169 -> Prod. Cont. Camp. 01 | E9: Concentração
A10: =Produção!B170 -> 20211201Pa | B10: =Produção!C170 -> P100 | C10: =Produção!D170 -> 100g/L | D10: =Produção!E170 -> Prod. Cont. Camp. 01 | E10: -
A11: =Produção!B171 -> 20211206Pa | B11: =Produção!C171 -> P100 | C11: =Produção!D171 -> 100g/L | D11: =Produção!E171 -> Prod. Cont. Camp. 01
A12: =Produção!B172 -> 20211214Pa | B12: =Produção!C172 -> P100 | C12: =Produção!D172 -> 100g/L | D12: =Produção!E172 -> Prod. Cont. Camp. 01
A13: =Produção!B174 -> 20220118Pa | B13: =Produção!C174 -> P100 | C13: =Produção!D174 -> 100g/L | D13: =Produção!E174 -> Prod. Cont. Camp. 01 | E13: Concentração
A14: =Produção!B176 -> 20220208Pa | B14: =Produção!C176 -> P100 | C14: =Produção!D176 -> 100g/L | D14: =Produção!E176 -> 0
A15: =Produção!B177 -> 20220214Pa | B15: =Produção!C177 -> P100 | C15: =Produção!D177 -> 100g/L | D15: =Produção!E177 -> Prod. Cont. Camp. 02
A16: =Produção!B178 -> 20220221Pa | B16: =Produção!C178 -> P100 | C16: =Produção!D178 -> 100g/L | D16: =Produção!E178 -> Prod. Cont. Camp. 02
A17: =Produção!B179 -> 20220307Pa | B17: =Produção!C179 -> P100 | C17: =Produção!D179 -> 100g/L | D17: =Produção!E179 -> Prod. Cont. Camp. 02
A18: =Produção!B180 -> 0 | B18: =Produção!C180 -> 0 | C18: =Produção!D180 -> 0 | D18: =Produção!E180 -> 0
A19: =Produção!B181 -> 0 | B19: =Produção!C181 -> 0 | C19: =Produção!D181 -> 0 | D19: =Produção!E181 -> 0
A20: =Produção!B182 -> 0 | B20: =Produção!C182 -> 0 | C20: =Produção!D182 -> 0 | D20: =Produção!E182 -> 0
A21: =Produção!B183 -> 0 | B21: =Produção!C183 -> 0 | C21: =Produção!D183 -> 0 | D21: =Produção!E183 -> 0
A22: =Produção!B184 -> 0 | B22: =Produção!C184 -> 0 | C22: =Produção!D184 -> 0 | D22: =Produção!E184 -> 0
A23: =Produção!B185 -> 0 | B23: =Produção!C185 -> 0 | C23: =Produção!D185 -> 0 | D23: =Produção!E185 -> 0
A24: =Produção!B186 -> 0 | B24: =Produção!C186 -> 0 | C24: =Produção!D186 -> 0 | D24: =Produção!E186 -> 0
A25: =Produção!B187 -> 0 | B25: =Produção!C187 -> 0 | C25: =Produção!D187 -> 0 | D25: =Produção!E187 -> 0
... A251: =Produção!B413 -> 0 | B251: =Produção!C413 -> 0 | C251: =Produção!D413 -> 0 | D251: =Produção!E413 -> 0

Sheet Formularios
A1: Controle de formulários
A2: Lote | B2: Piloto | C2: [ ] | D2: Descrição | E2: Formulário de análise
E3: Conversão | F3: Separação | G3: Acabamento
A4: =Produção!B6 -> 20171003Pa | B4: =Produção!C6 -> P50 | C4: =Produção!D6 -> 50g/L | D4: =Produção!F6 -> Processamento padrão em série
A5: =Produção!B7 -> 20171010Pa | B5: =Produção!C7 -> P50 | C5: =Produção!D7 -> 50g/L | D5: =Produção!F7 -> Processamento padrão em série
A6: =Produção!B8 -> 20171013Pa | B6: =Produção!C8 -> P50 | C6: =Produção!D8 -> 50g/L | D6: =Produção!F8 -> Processamento padrão em série
A7: =Produção!B11 -> 20171112Pa | B7: =Produção!C11 -> P50 | C7: =Produção!D11 -> 50g/L | D7: =Produção!F11 -> Processamento padrão em série
A8: =Produção!B12 -> 20171120Pa | B8: =Produção!C12 -> P25 | C8: =Produção!D12 -> 100g/L | D8: =Produção!F12 -> Teste operacional com aumento da [ ] = 100g/L
A9: =Produção!B13 -> 20171124Pa | B9: =Produção!C13 -> P50 | C9: =Produção!D13 -> 50g/L | D9: =Produção!F13 -> Startup Centrifuga Decanter
A10: =Produção!B16 -> 20171227Pa | B10: =Produção!C16 -> P50 | C10: =Produção!D16 -> 50g/L | D10: =Produção!F16 -> Processamento padrão em série
A11: =Produção!B17 -> 20171228Pa | B11: =Produção!C17 -> P50 | C11: =Produção!D17 -> 50g/L | D11: =Produção!F17 -> Processamento padrão em série
A12: =Produção!B20 -> 20180102Pa | B12: =Produção!C20 -> P50 | C12: =Produção!D20 -> 50g/L | D12: =Produção!F20 -> Processamento padrão em série
A13: =Produção!B21 -> 20180103Pa | B13: =Produção!C21 -> P50 | C13: =Produção!D21 -> 50g/L | D13: =Produção!F21 -> Processamento padrão em série
A14: =Produção!B22 -> 20180108Pa | B14: =Produção!C22 -> P50 | C14: =Produção!D22 -> 50g/L | D14: =Produção!F22 -> Homogeinização da campanha KATRINA
A15: =Produção!B23 -> 20180130Pa | B15: =Produção!C23 -> P25 | C15: =Produção!D23 -> 100g/L | D15: =Produção!F23 -> Teste piloto IKA
A16: =Produção!B26 -> 20180220Pa | B16: =Produção!C26 -> P5 | C16: =Produção!D26 -> 50g/L | D16: =Produção!F26 -> Avaliação da reprodutibilidade
A17: =Produção!B29 -> 20180312Pa | B17: =Produção!C29 -> P5 | C17: =Produção!D29 -> 50g/L | D17: =Produção!F29 -> Teste de selo mecânico nacional - Silverson Verso
A18: =Produção!B30 -> 20180313Pa | B18: =Produção!C30 -> P50 | C18: =Produção!D30 -> 50g/L | D18: =Produção!F30 -> Processamento padrão em série
A19: =Produção!B31 -> 20180321Pa | B19: =Produção!C31 -> P100 | C19: =Produção!D31 -> 50g/L | D19: =Produção!F31 -> Startup Konmix - 3.550rpm
A20: =Produção!B34 -> 20180402Pa | B20: =Produção!C34 -> P100 | C20: =Produção!D34 -> 50g/L | D20: =Produção!F34 -> Startup Silverson UHS 175/275 – 3.600rpm
A21: =Produção!B35 -> 20180417Pa | B21: =Produção!C35 -> P100 | C21: =Produção!D35 -> 50g/L | D21: =Produção!F35 -> Silverson UHS 175/275 – 3.600rpm
A22: =Produção!B36 -> 20180417Pb | B22: =Produção!C36 -> P100 | C22: =Produção!D36 -> 50g/L | D22: =Produção!F36 -> Konmix – 3.550rpm
A23: =Produção!B37 -> 20180424Pa | B23: =Produção!C37 -> P100 | C23: =Produção!D37 -> 50g/L | D23: =Produção!F37 -> Silverson UHS 175/275 – 6.000rpm
A24: =Produção!B40 -> 20180502Pa | B24: =Produção!C40 -> P50 | C24: =Produção!D40 -> 50g/L | D24: =Produção!F40 -> 1 Ciclo / Uma passagem / Um cisalhador
A25: =Produção!B41 -> 20180507Pa | B25: =Produção!C41 -> P50 | C25: =Produção!D41 -> 50g/L | D25: =Produção!F41 -> Processamento padrão em série
A26: =Produção!B42 -> 20180511Pa | B26: =Produção!C42 -> P10 | C26: =Produção!D42 -> 50g/L | D26: =Produção!F42 -> Análise de carregamento de grafite expandido
A27: =Produção!B43 -> 20180524Pa | B27: =Produção!C43 -> P50 | C27: =Produção!D43 -> 50g/L | D27: =Produção!F43 -> Teste de reprocessamento do grafite / Abortado
A28: =Produção!B46 -> 20180606Pa | B28: =Produção!C46 -> P50 | C28: =Produção!D46 -> 50g/L | D28: =Produção!F46 -> Teste de reprocessamento do grafite
A29: =Produção!B47 -> 20180612Pa | B29: =Produção!C47 -> P50 | C29: =Produção!D47 -> 50g/L | D29: =Produção!F47 -> Processamento padrão em série
A30: =Produção!B48 -> 20180625Pa | B30: =Produção!C48 -> P100-1 | C30: =Produção!D48 -> 100g/L | D30: =Produção!F48 -> Silverson UHS 175/275 – 6.000rpm
A31: =Produção!B49 -> 20180628Pa | B31: =Produção!C49 -> P100-2 | C31: =Produção!D49 -> 100g/L | D31: =Produção!F49 -> Konmix – 3.550rpm
A32: =Produção!B52 -> 20180709Pa | B32: =Produção!C52 -> P100-2 | C32: =Produção!D52 -> 50g/L | D32: =Produção!F52 -> Konmix – 3.550rpm
A33: =Produção!B53 -> 20180715Pa | B33: =Produção!C53 -> P100-1 | C33: =Produção!D53 -> 50g/L | D33: =Produção!F53 -> Silverson UHS 175/275 – 6.000rpm
A34: =Produção!B54 -> 20180719Pa | B34: =Produção!C54 -> P100-1 | C34: =Produção!D54 -> 50g/L | D34: =Produção!F54 -> Processamento padrão P100 - UHS
A35: =Produção!B57 -> 20180806Pa | B35: =Produção!C57 -> P100 | C35: =Produção!D57 -> 50g/L | D35: =Produção!F57 -> Konmix – 3.550rpm
A36: =Produção!B58 -> 20180809Pa | B36: =Produção!C58 -> P100-1 | C36: =Produção!D58 -> 50g/L | D36: =Produção!F58 -> Silverson UHS 175/275 – 6.000rpm
A37: =Produção!B59 -> 20180812Pa | B37: =Produção!C59 -> P100-1 | C37: =Produção!D59 -> 50g/L | D37: =Produção!F59 -> Silverson UHS 175/275 – 6.000rpm
A38: =Produção!B60 -> 20180814Pa | B38: =Produção!C60 -> P100-1 | C38: =Produção!D60 -> 50g/L | D38: =Produção!F60 -> Silverson UHS 175/275 – 6.000rpm
A39: =Produção!B61 -> 20180828Pa | B39: =Produção!C61 -> P100-2 | C39: =Produção!D61 -> 50g/L | D39: =Produção!F61 -> Konmix – 3.550rpm
A40: =Produção!B62 -> 20180829Pa | B40: =Produção!C62 -> P100-2 | C40: =Produção!D62 -> 50g/L | D40: =Produção!F62 -> Konmix – 3.550rpm
A41: =Produção!B65 -> 20180913Pa | B41: =Produção!C65 -> P100-2 | C41: =Produção!D65 -> 50g/L | D41: =Produção!F65 -> Konmix – 3.550rpm
A42: =Produção!B66 -> 20180916Pa | B42: =Produção!C66 -> P100-2 | C42: =Produção!D66 -> 50g/L | D42: =Produção!F66 -> Konmix – 3.550rpm
A43: =Produção!B67 -> 20180916Pb | B43: =Produção!C67 -> P100-1 | C43: =Produção!D67 -> 50g/L | D43: =Produção!F67 -> Silverson UHS 175/275 – 6.000rpm
A44: =Produção!B68 -> 20180920Pb | B44: =Produção!C68 -> P100-1 | C44: =Produção!D68 -> 50g/L | D44: =Produção!F68 -> Silverson UHS 175/275 – 6.000rpm
A45: =Produção!B71 -> 20181002Pa | B45: =Produção!C71 -> P50 | C45: =Produção!D71 -> 50g/L | D45: =Produção!F71 -> Verso 100 ciclos sem back mixing
A46: =Produção!B72 -> 20181003Pa | B46: =Produção!C72 -> P50 | C46: =Produção!D72 -> 50g/L | D46: =Produção!F72 -> Processamento padrão em série
A47: =Produção!B75 -> 20181126Pa | B47: =Produção!C75 -> P100-2 | C47: =Produção!D75 -> 50g/L | D47: =Produção!F75 -> Konmix – 3.550rpm
A48: =Produção!B78 -> 20190109Pa | B48: =Produção!C78 -> P100-2 | C48: =Produção!D78 -> 50g/L | D48: =Produção!F78 -> Konmix – 3.550rpm
A49: =Produção!B79 -> 20190128Pa | B49: =Produção!C79 -> P50 | C49: =Produção!D79 -> 50 g/L | D49: =Produção!F79 -> Verso - V10209
A50: =Produção!B81 -> 20190213Pa | B50: =Produção!C81 -> P100-2 | C50: =Produção!D81 -> 50g/L | D50: =Produção!F81 -> Konmix – 3.550rpm
A51: =Produção!B83 -> 20190328Pa | B51: =Produção!C83 -> P50 | C51: =Produção!D83 -> 50 g/L | D51: =Produção!F83 -> V10243 (v3) e V10244(v4)
A52: =Produção!B85 -> 20190503Pa | B52: =Produção!C85 -> P100-2 | C52: =Produção!D85 -> 50 g/L | D52: =Produção!F85 -> Konmix – 3.550rpm
A53: =Produção!B86 -> 20190516Pa | B53: =Produção!C86 -> P100-1 | C53: =Produção!D86 -> 50 g/L | D53: =Produção!F86 -> Silverson UHS 175/275 – 6.000rpm
A54: =Produção!B87 -> 20190527Pa | B54: =Produção!C87 -> P100-2 | C54: =Produção!D87 -> 50 g/L | D54: =Produção!F87 -> Konmix – 3.550rpm
A55: =Produção!B88 -> 20190529Pa | B55: =Produção!C88 -> P100-2 | C55: =Produção!D88 -> 50 g/L | D55: =Produção!F88 -> Konmix – 3.550rpm
A56: =Produção!B90 -> 20190603Pa | B56: =Produção!C90 -> P100-2 | C56: =Produção!D90 -> 50 g/L | D56: =Produção!F90 -> Konmix – 3.550rpm
A57: =Produção!B91 -> 20190605Pa | B57: =Produção!C91 -> P100-2 | C57: =Produção!D91 -> 50 g/L | D57: =Produção!F91 -> Konmix – 3.550rpm
A58: =Produção!B92 -> 20190611Pa | B58: =Produção!C92 -> P100-2 | C58: =Produção!D92 -> 50 g/L | D58: =Produção!F92 -> Konmix – 3.550rpm
A59: =Produção!B93 -> 20190612Pa | B59: =Produção!C93 -> 0 | C59: =Produção!D93 -> 50 g/L | D59: =Produção!F93 -> Homogeneização
A60: =Produção!B94 -> 20190617Pa | B60: =Produção!C94 -> P100-2 | C60: =Produção!D94 -> 50 g/L | D60: =Produção!F94 -> Konmix – 3.550rpm
A61: =Produção!B96 -> 20200303Pa | B61: =Produção!C96 -> P100-2 | C61: =Produção!D96 -> 50 g/L | D61: =Produção!F96 -> Konmix – 3.550rpm
A62: =Produção!B98 -> 20200908Pa | B62: =Produção!C98 -> P100-2 | C62: =Produção!D98 -> 50 g/L | D62: =Produção!F98 -> Konmix – 3.550rpm (EQIP138)
A63: =Produção!B99 -> 20200914Pa | B63: =Produção!C99 -> P100-2 | C63: =Produção!D99 -> 50 g/L | D63: =Produção!F99 -> Konmix – 3.550rpm (EQIP138/137)
A64: =Produção!B100 -> 20200921Pa | B64: =Produção!C100 -> P100-2 | C64: =Produção!D100 -> 50 g/L | D64: =Produção!F100 -> Konmix – 3.550rpm (EQIP137)
A65: =Produção!B101 -> 20200928Pa | B65: =Produção!C101 -> P100-2 | C65: =Produção!D101 -> 50 g/L | D65: =Produção!F101 -> Konmix – 3.550rpm (EQIP138)
A66: =Produção!B103 -> 20201005Pa | B66: =Produção!C103 -> P100-2 | C66: =Produção!D103 -> 50 g/L | D66: =Produção!F103 -> Konmix – 3.550rpm (EQIP138)
A67: =Produção!B104 -> 20201013Pa | B67: =Produção!C104 -> P100-2 | C67: =Produção!D104 -> 50 g/L | D67: =Produção!F104 -> Konmix – 3.550rpm (EQIP138)
A68: =Produção!B106 -> 20201130Pa | B68: =Produção!C106 -> P100-2 | C68: =Produção!D106 -> 50 g/L | D68: =Produção!F106 -> Konmix – 3.550rpm (EQIP138) / tanque vidro
A69: =Produção!B108 -> 20210118Pa | B69: =Produção!C108 -> P100 | C69: =Produção!D108 -> 50 g/L | D69: =Produção!F108 -> Konmix (EQIP138) / Tanque inox
A70: =Produção!B109 -> 20210127Pa | B70: =Produção!C109 -> P25 | C70: =Produção!D109 -> 50 g/L | D70: =Produção!F109 -> Silverson Verso V2(V10209)-10000 rpm/ 0,5 Bar
A71: =Produção!B110 -> 20210127Pb | B71: =Produção!C110 -> P25 | C71: =Produção!D110 -> 50 g/L | D71: =Produção!F110 -> Silverson Verso V3(V10243)-10000 rpm
A72: =Produção!B112 -> 20210208Pa | B72: =Produção!C112 -> P25 | C72: =Produção!D112 -> 50 g/L | D72: =Produção!F112 -> Silverson Verso V2(V10209)-10000 rpm/ 1 Bar
A73: =Produção!B113 -> 20210208Pb | B73: =Produção!C113 -> P25 | C73: =Produção!D113 -> 50 g/L | D73: =Produção!F113 -> Silverson Verso V3(V10243)-10000 rpm
A74: =Produção!B114 -> 20210210Pa | B74: =Produção!C114 -> P25 | C74: =Produção!D114 -> 50 g/L | D74: =Produção!F114 -> Silverson Verso V2(V10209)-10000 rpm
A75: =Produção!B115 -> 20210210Pb | B75: =Produção!C115 -> P25 | C75: =Produção!D115 -> 50 g/L | D75: =Produção!F115 -> Silverson Verso V3(V10243)-10000 rpm/ 1 Bar
A76: =Produção!B116 -> 20210222Pa | B76: =Produção!C116 -> P25 | C76: =Produção!D116 -> 50 g/L | D76: =Produção!F116 -> Silverson Verso V2(V10209)-10000 rpm/1Bar
A77: =Produção!B117 -> 20210222Pb | B77: =Produção!C117 -> P25 | C77: =Produção!D117 -> 50 g/L | D77: =Produção!F117 -> Silverson Verso V4(V10244)-10000 rpm
A78: =Produção!B118 -> 20210224Pa | B78: =Produção!C118 -> P25 | C78: =Produção!D118 -> 50 g/L | D78: =Produção!F118 -> Silverson Verso V2(V10209)-10000 rpm
A79: =Produção!B119 -> 20210224Pb | B79: =Produção!C119 -> P25 | C79: =Produção!D119 -> 50 g/L | D79: =Produção!F119 -> Silverson Verso V4(V10244)-10000 rpm
A80: =Produção!B121 -> 20210301Pa | B80: =Produção!C121 -> P100 | C80: =Produção!D121 -> 50 g/L | D80: =Produção!F121 -> Silverson UHS 175/275 – 6.000rpm / tanque inox
A81: =Produção!B122 -> 20210309Pa | B81: =Produção!C122 -> P25 | C81: =Produção!D122 -> 50 g/L | D81: =Produção!F122 -> Silverson Verso V2(V10209)-10000 rpm
A82: =Produção!B123 -> 20210309Pb | B82: =Produção!C123 -> P25 | C82: =Produção!D123 -> 50 g/L | D82: =Produção!F123 -> Silverson Verso V4(V10244)-10000 rpm
A83: =Produção!B124 -> 20210310Pa | B83: =Produção!C124 -> P25 | C83: =Produção!D124 -> 50 g/L | D83: =Produção!F124 -> Silverson Verso V2(V10209)-10000 rpm
A84: =Produção!B125 -> 20210310Pb | B84: =Produção!C125 -> P25 | C84: =Produção!D125 -> 50 g/L | D84: =Produção!F125 -> Silverson Verso V4(V10244)-10000 rpm
A85: =Produção!B127 -> 20210504Pa | B85: =Produção!C127 -> P25 | C85: =Produção!D127 -> 50 g/L | D85: =Produção!F127 -> Silverson Verso V2(V10209)-10000 rpm
A86: =Produção!B128 -> 20210504Pb | B86: =Produção!C128 -> P25 | C86: =Produção!D128 -> 50 g/L | D86: =Produção!F128 -> Silverson Verso V4(V10244)-10000 rpm
A87: =Produção!B129 -> 20210510Pa | B87: =Produção!C129 -> P100 | C87: =Produção!D129 -> 50 g/L | D87: =Produção!F129 -> Silverson UHS 175/275 – 6.000rpm / tanque inox
A88: =Produção!B130 -> 20210518Pa | B88: =Produção!C130 -> P25 | C88: =Produção!D130 -> 50 g/L | D88: =Produção!F130 -> Sistema em série V2/V4-10000 rpm
A89: =Produção!B131 -> 20210519Pa | B89: =Produção!C131 -> P100 | C89: =Produção!D131 -> 50 g/L | D89: =Produção!F131 -> Silverson UHS 175/275 – 6.000rpm / tanque inox
A90: =Produção!B132 -> 20210520Pa | B90: =Produção!C132 -> P25 | C90: =Produção!D132 -> 50 g/L | D90: =Produção!F132 -> Sistema em série V2/V4-10000 rpm
A91: =Produção!B133 -> 20210524Pa | B91: =Produção!C133 -> P100 | C91: =Produção!D133 -> 75 g/L | D91: =Produção!F133 -> Silverson UHS 175/275 – 6.000rpm / tanque inox
A92: =Produção!B134 -> 20210531Pa | B92: =Produção!C134 -> P100 | C92: =Produção!D134 -> 100 g/L | D92: =Produção!F134 -> Silverson UHS 175/275 – 6.000rpm / tanque inox
A93: =Produção!B136 -> 20210601Pa | B93: =Produção!C136 -> P25 | C93: =Produção!D136 -> 50 g/L | D93: =Produção!F136 -> Silverson Verso V2(V10209)-10000 rpm
A94: =Produção!B137 -> 20210601Pb | B94: =Produção!C137 -> P25 | C94: =Produção!D137 -> 50 g/L | D94: =Produção!F137 -> Silverson Verso V4(V10244)-10000 rpm
A95: =Produção!B138 -> 20210607Pa | B95: =Produção!C138 -> P100 | C95: =Produção!D138 -> 100g/L | D95: =Produção!F138 -> Silverson UHS 175/275 – 6.000rpm / tanque inox | E95: 107, 108, 112
A96: =Produção!B139 -> 20210616Pa | B96: =Produção!C139 -> P100 | C96: =Produção!D139 -> 100g/L | D96: =Produção!F139 -> Silverson UHS 175/275 – 6.000rpm / tanque inox | E96: 115, 156
A97: =Produção!B140 -> 20210622Pa | B97: =Produção!C140 -> P100 | C97: =Produção!D140 -> 100g/L | D97: =Produção!F140 -> Silverson UHS 175/275 – 6.000rpm / tanque inox | E97: 118 | F97: 119 | G97: 221
A98: =Produção!B141 -> 20210629Pa | B98: =Produção!C141 -> P25 | C98: =Produção!D141 -> 50 g/L | D98: =Produção!F141 -> Silverson Verso V2(V10209)-10000 rpm | E98: 119
A99: =Produção!B142 -> 20210629Pb | B99: =Produção!C142 -> P25 | C99: =Produção!D142 -> 50 g/L | D99: =Produção!F142 -> Silverson Verso V4(V10244)-10000 rpm | E99: 150,159
A100: =Produção!B144 -> 20210713Pa | B100: =Produção!C144 -> P25 | C100: =Produção!D144 -> 50 g/L | D100: =Produção!F144 -> Silverson Verso V2(V10209)-10000 rpm | E100: 160
...

Sheet Planilha1
B2: LOTE | E2: SEM. N° | H2: CAMPANHA
B3: Ano | C3: Mês /Dia | D3: c.
B4: 2021 | C4: 1025 | D4: Pa | E4: 43 | F4: P100 | G4: 100 g/L | H4: PC 01 | I4: Konmix – 3.550rpm - tanque inox / NaOH | J4: 100 g/L; 5h; Decnater 300G-75 L/h; Discos
E5: 44
B6: 2021 | C6: 1108 | D6: Pa | E6: 45 | F6: P100 | G6: 50 g/L | I6: Padrão em série(Verso V2 e V4/V3) | J6: 50 g/L; 24 h; Decantação estática, Discos(2x)
B7: 2021 | C7: 1116 | D7: Pa | E7: 46 | F7: P100 | G7: 100g/L | H7: PC 01 | I7: Konmix – 3.550rpm - tanque inox / NaOH | J7: 100 g/L; 5h; Decnater 300G-75 L/h; Discos
B8: 2021 | C8: 1122 | D8: Pa | E8: 47 | F8: P100 | G8: 100g/L | H8: PC 01 | I8: Konmix – 3.550rpm - tanque inox / NaOH | J8: 100 g/L; 5h; Decnater 300G-75 L/h; Discos
B9: 2021 | C9: 1124 | D9: Pa | F9: P100 | G9: 100g/L | H9: PC 01 | I9: Konmix – 3.550rpm - tanque inox / NaOH | J9: 100 g/L; 5h; Decnater 300G-75 L/h; Discos
B10: 2021 | C10: 1129 | D10: Pa | E10: 48 | F10: P100 | G10: 100g/L | H10: PC 01 | I10: Konmix – 3.550rpm - tanque inox / NaOH | J10: 100 g/L; 5h; Decnater 300G-75 L/h; Discos
B11: 2021 | C11: 1201 | D11: Pa | F11: P100 | G11: 100g/L | H11: PC 01 | I11: Konmix – 3.550rpm - tanque inox / NaOH | J11: 100 g/L; 5h; Decnater 300G-75 L/h; Discos
B12: 2021 | C12: 1206 | D12: Pa | E12: 49 | F12: P100 | G12: 100g/L | H12: PC 01 | I12: Konmix – 3.550rpm - tanque inox / NaOH | J12: 100 g/L; 5h; Decnater 300G-75 L/h; Discos
B13: 2021 | C13: 1214 | D13: Pa | E13: 50 | F13: P100 | G13: 100g/L | H13: PC 01 | I13: Konmix – 3.550rpm - tanque inox / NaOH | J13: 100 g/L; 5h; Decnater 300G-75 L/h; Discos
E14: 1
B15: 2022 | C15: 0118Pa | D15: Pa | E15: 3 | F15: P100 | G15: 100g/L | H15: PC 01 | I15: Konmix – 3.550rpm - tanque inox / NaOH | J15: 100 g/L; 5h; Decnater 300G-75 L/h; Discos
E16: 4
E17: 5
B18: 2022 | C18: 0208Pa | D18: Pa | E18: 6 | F18: P100 | G18: 100g/L | H18: Teste | I18: Konmix – 3.550rpm - tanque inox / NaOH-23h | J18: 100 g/L; 23h; Decnater 300G-75 L/h; Discos (Adição de aditivo 1x)
B19: 2022 | C19: 0214Pa | D19: Pa | E19: 7 | F19: P100 | G19: 100g/L | H19: PC 02 | I19: Konmix – 3.550rpm - tanque inox / NaOH | J19: 100 g/L; 5h; Decnater 300G-75 L/h; Processo de Recuperação; Discos; Concentração
B20: 2022 | C20: 0221Pa | D20: Pa | E20: 8 | F20: P100 | G20: 100g/L | H20: PC02 | I20: Konmix – 3.550rpm - tanque inox / NaOH | J20: 100 g/L; 5h; Decnater 300G-75 L/h; Processo de Recuperação; Discos; Concentração
